student_id,name,username,email,college,register_number,batch_year,semester,place,cgpa,experience_years,interests,tech_stacks,skill_score,eligibility_prob,eligibility_label,resume_id
S0001,Arjun Sharma,asharma1001,asharma1001@example.edu,Vellore Institute of Technology,REG20233286,2023,4,Kolkata,5.47,4,AI/ML;Computer Vision;Blockchain,"[{""name"": ""TensorFlow"", ""rating"": 2}, {""name"": ""Azure"", ""rating"": 3}, {""name"": ""Java"", ""rating"": 3}, {""name"": ""Python"", ""rating"": 2}]",0.5,0.321,Not Eligible,R0001
S0002,Priya Iyer,piyer1002,piyer1002@example.edu,PSG College of Technology,REG20256881,2025,2,Mumbai,6.58,1,AI/ML;Web Development;Data Science,"[{""name"": ""TypeScript"", ""rating"": 5}, {""name"": ""Docker"", ""rating"": 2}, {""name"": ""CSS"", ""rating"": 4}, {""name"": ""C"", ""rating"": 4}]",0.75,0.396,Maybe,R0002
S0003,Aditya Dutta,adutta1003,adutta1003@example.edu,MIT,REG20238573,2023,3,Hyderabad,6.24,4,AI/ML,"[{""name"": ""NumPy"", ""rating"": 3}, {""name"": ""Postgres"", ""rating"": 2}, {""name"": ""Linux"", ""rating"": 4}, {""name"": ""Redux"", ""rating"": 5}, {""name"": ""Java"", ""rating"": 4}]",0.72,0.466,Maybe,R0003
S0004,Ananya Verma,averma1004,averma1004@example.edu,College of Engineering Guindy,REG20243266,2024,4,Delhi,7.27,0,Cybersecurity;Blockchain;DevOps,"[{""name"": ""JavaScript"", ""rating"": 5}, {""name"": ""Pandas"", ""rating"": 2}, {""name"": ""React"", ""rating"": 5}, {""name"": ""Git"", ""rating"": 5}]",0.85,0.466,Maybe,R0004
S0005,Krishna Rao,krao1005,krao1005@example.edu,PSG College of Technology,REG20243504,2024,4,Pune,8.51,4,AI/ML,"[{""name"": ""PyTorch"", ""rating"": 2}, {""name"": ""Postgres"", ""rating"": 4}, {""name"": ""Kubernetes"", ""rating"": 4}, {""name"": ""Python"", ""rating"": 3}]",0.65,0.748,Eligible,R0005
S0006,Rahul Bose,rbose1006,rbose1006@example.edu,Anna University,REG20252982,2025,8,Bengaluru,6.03,1.5,Cloud,"[{""name"": ""TensorFlow"", ""rating"": 2}, {""name"": ""CSS"", ""rating"": 2}, {""name"": ""Django"", ""rating"": 3}, {""name"": ""Python"", ""rating"": 2}]",0.45,0.284,Not Eligible,R0006
S0007,Divya Kumar,dkumar1007,dkumar1007@example.edu,St. Joseph's College,REG20258749,2025,4,Mumbai,6.87,0,Cloud;Web Development;AI/ML,"[{""name"": ""NumPy"", ""rating"": 2}, {""name"": ""Azure"", ""rating"": 2}, {""name"": ""MongoDB"", ""rating"": 2}, {""name"": ""Docker"", ""rating"": 5}]",0.55,0.354,Maybe,R0007
S0008,Ravi Ibrahim,ribrahim1008,ribrahim1008@example.edu,IIT Madras,REG20222604,2022,8,Chennai,8,4,Embedded Systems,"[{""name"": ""C++"", ""rating"": 3}, {""name"": ""Redux"", ""rating"": 5}, {""name"": ""REST"", ""rating"": 5}, {""name"": ""Django"", ""rating"": 5}]",0.9,0.731,Eligible,R0008
S0009,Rahul Khan,rkhan1009,rkhan1009@example.edu,BITS Pilani,REG20254111,2025,3,Pune,6,0,Web Development,"[{""name"": ""TypeScript"", ""rating"": 5}, {""name"": ""Postgres"", ""rating"": 3}, {""name"": ""Java"", ""rating"": 2}, {""name"": ""TensorFlow"", ""rating"": 2}]",0.6,0.25,Not Eligible,R0009
S0010,Priya Nair,pnair1010,pnair1010@example.edu,Vellore Institute of Technology,REG20255915,2025,3,Hyderabad,6.45,0,Web Development;AI/ML,"[{""name"": ""Docker"", ""rating"": 2}, {""name"": ""PyTorch"", ""rating"": 3}, {""name"": ""TensorFlow"", ""rating"": 4}, {""name"": ""C"", ""rating"": 3}]",0.6,0.309,Not Eligible,R0010
S0011,Arjun Kumar,akumar1011,akumar1011@example.edu,Vellore Institute of Technology,REG20223546,2022,2,Pune,6.3,0.5,Cloud,"[{""name"": ""Node.js"", ""rating"": 4}, {""name"": ""NumPy"", ""rating"": 2}, {""name"": ""Pandas"", ""rating"": 2}, {""name"": ""Flask"", ""rating"": 5}, {""name"": ""HTML"", ""rating"": 4}, {""name"": ""Kubernetes"", ""rating"": 2}]",0.633,0.316,Not Eligible,R0011
S0012,Aarav Iyer,aiyer1012,aiyer1012@example.edu,PSG College of Technology,REG20237049,2023,1,Delhi,7.54,2,Blockchain;Embedded Systems,"[{""name"": ""Java"", ""rating"": 2}, {""name"": ""SQL"", ""rating"": 4}, {""name"": ""MongoDB"", ""rating"": 3}, {""name"": ""GraphQL"", ""rating"": 3}, {""name"": ""Git"", ""rating"": 2}]",0.56,0.523,Maybe,R0012
S0013,Arjun Bose,abose1013,abose1013@example.edu,SRM Institute of Science and Technology,REG20254269,2025,4,Mumbai,9.22,1.5,Computer Vision;Blockchain,"[{""name"": ""Linux"", ""rating"": 3}, {""name"": ""Git"", ""rating"": 5}, {""name"": ""Django"", ""rating"": 4}, {""name"": ""GraphQL"", ""rating"": 4}, {""name"": ""Python"", ""rating"": 2}, {""name"": ""NumPy"", ""rating"": 4}]",0.733,0.757,Eligible,R0013
S0014,Lakshmi Khan,lkhan1014,lkhan1014@example.edu,Anna University,REG20249379,2024,7,Chennai,6.77,0.5,Web Development;DevOps;Blockchain,"[{""name"": ""Java"", ""rating"": 3}, {""name"": ""MATLAB"", ""rating"": 4}, {""name"": ""Azure"", ""rating"": 5}, {""name"": ""Python"", ""rating"": 2}, {""name"": ""HTML"", ""rating"": 4}, {""name"": ""CSS"", ""rating"": 4}]",0.733,0.398,Maybe,R0014
S0015,Krishna Dutta,kdutta1015,kdutta1015@example.edu,St. Joseph's College,REG20249977,2024,7,Mumbai,5,1,Cybersecurity;Mobile Development;Web Development,"[{""name"": ""Azure"", ""rating"": 4}, {""name"": ""Git"", ""rating"": 5}, {""name"": ""TensorFlow"", ""rating"": 5}, {""name"": ""PyTorch"", ""rating"": 5}, {""name"": ""Pandas"", ""rating"": 3}]",0.88,0.216,Not Eligible,R0015
S0016,Aarav Patel,apatel1016,apatel1016@example.edu,IIT Madras,REG20258461,2025,2,Hyderabad,9.08,0.5,Cybersecurity,"[{""name"": ""Kubernetes"", ""rating"": 2}, {""name"": ""AWS"", ""rating"": 5}, {""name"": ""Django"", ""rating"": 3}, {""name"": ""JavaScript"", ""rating"": 3}, {""name"": ""Pandas"", ""rating"": 5}, {""name"": ""MATLAB"", ""rating"": 2}, {""name"": ""Python"", ""rating"": 3}]",0.657,0.684,Eligible,R0016
S0017,Pooja Dutta,pdutta1017,pdutta1017@example.edu,BITS Pilani,REG20253607,2025,8,Kolkata,8.96,3,DevOps,"[{""name"": ""Redux"", ""rating"": 5}, {""name"": ""Django"", ""rating"": 3}, {""name"": ""Linux"", ""rating"": 4}, {""name"": ""Pandas"", ""rating"": 5}, {""name"": ""Flask"", ""rating"": 2}, {""name"": ""HTML"", ""rating"": 4}]",0.767,0.79,Eligible,R0017
S0018,Ananya Khan,akhan1018,akhan1018@example.edu,Anna University,REG20252020,2025,7,Bengaluru,8.83,2,Embedded Systems;NLP,"[{""name"": ""REST"", ""rating"": 5}, {""name"": ""GraphQL"", ""rating"": 5}, {""name"": ""Redux"", ""rating"": 2}, {""name"": ""TensorFlow"", ""rating"": 4}]",0.8,0.74,Eligible,R0018
S0019,Ishaan Dutta,idutta1019,idutta1019@example.edu,BITS Pilani,REG20221444,2022,7,Chennai,7.96,0,Data Science;Blockchain,"[{""name"": ""React"", ""rating"": 4}, {""name"": ""Java"", ""rating"": 4}, {""name"": ""Flask"", ""rating"": 5}, {""name"": ""AWS"", ""rating"": 4}, {""name"": ""Postgres"", ""rating"": 5}, {""name"": ""Node.js"", ""rating"": 4}, {""name"": ""Docker"", ""rating"": 2}]",0.8,0.546,Maybe,R0019
S0020,Sanjay Singh,ssingh1020,ssingh1020@example.edu,SRM Institute of Science and Technology,REG20233068,2023,4,Hyderabad,8.08,0.5,NLP;AI/ML,"[{""name"": ""MATLAB"", ""rating"": 2}, {""name"": ""Flask"", ""rating"": 3}, {""name"": ""Redux"", ""rating"": 4}, {""name"": ""MongoDB"", ""rating"": 2}, {""name"": ""React"", ""rating"": 2}, {""name"": ""PyTorch"", ""rating"": 4}, {""name"": ""TypeScript"", ""rating"": 5}]",0.629,0.547,Maybe,R0020
S0021,Rahul Dutta,rdutta1021,rdutta1021@example.edu,PSG College of Technology,REG20229728,2022,6,Hyderabad,8.04,0,Blockchain;Cybersecurity;Computer Vision,"[{""name"": ""Python"", ""rating"": 4}, {""name"": ""REST"", ""rating"": 5}, {""name"": ""Azure"", ""rating"": 3}, {""name"": ""Kubernetes"", ""rating"": 5}, {""name"": ""C"", ""rating"": 3}, {""name"": ""Linux"", ""rating"": 4}]",0.8,0.557,Maybe,R0021
S0022,Lakshmi Bose,lbose1022,lbose1022@example.edu,Anna University,REG20226325,2022,8,Bengaluru,7.24,1.5,AI/ML;Cybersecurity;Computer Vision,"[{""name"": ""Postgres"", ""rating"": 2}, {""name"": ""Flask"", ""rating"": 3}, {""name"": ""PyTorch"", ""rating"": 2}, {""name"": ""MATLAB"", ""rating"": 3}, {""name"": ""REST"", ""rating"": 5}, {""name"": ""CSS"", ""rating"": 5}]",0.667,0.486,Maybe,R0022
S0023,Divya Rao,drao1023,drao1023@example.edu,Anna University,REG20256764,2025,6,Kolkata,7.09,1,AI/ML,"[{""name"": ""Django"", ""rating"": 3}, {""name"": ""C"", ""rating"": 3}, {""name"": ""TypeScript"", ""rating"": 3}, {""name"": ""Node.js"", ""rating"": 5}, {""name"": ""Postgres"", ""rating"": 4}, {""name"": ""REST"", ""rating"": 4}]",0.733,0.459,Maybe,R0023
S0024,Divya Chowdhury,dchowdhury1024,dchowdhury1024@example.edu,MIT,REG20251200,2025,2,Delhi,6.31,3,AI/ML,"[{""name"": ""Postgres"", ""rating"": 5}, {""name"": ""React"", ""rating"": 5}, {""name"": ""Java"", ""rating"": 2}, {""name"": ""Flask"", ""rating"": 2}, {""name"": ""Kubernetes"", ""rating"": 3}, {""name"": ""C"", ""rating"": 3}, {""name"": ""C++"", ""rating"": 4}]",0.686,0.428,Maybe,R0024
S0025,Sneha Bose,sbose1025,sbose1025@example.edu,Amrita Vishwa Vidyapeetham,REG20258025,2025,5,Pune,7.62,0,Web Development;Mobile Development;Data Science,"[{""name"": ""Redux"", ""rating"": 2}, {""name"": ""Node.js"", ""rating"": 3}, {""name"": ""Pandas"", ""rating"": 3}, {""name"": ""Flask"", ""rating"": 3}]",0.55,0.452,Maybe,R0025
S0026,Sanjay Das,sdas1026,sdas1026@example.edu,St. Joseph's College,REG20232880,2023,7,Delhi,6.03,0,Blockchain;NLP,"[{""name"": ""Linux"", ""rating"": 4}, {""name"": ""JavaScript"", ""rating"": 5}, {""name"": ""C++"", ""rating"": 2}, {""name"": ""Java"", ""rating"": 5}, {""name"": ""React"", ""rating"": 4}, {""name"": ""SQL"", ""rating"": 5}]",0.833,0.301,Not Eligible,R0026
S0027,Sanjay Verma,sverma1027,sverma1027@example.edu,St. Joseph's College,REG20221659,2022,5,Mumbai,8.48,3,Embedded Systems;Cybersecurity,"[{""name"": ""Flask"", ""rating"": 5}, {""name"": ""React"", ""rating"": 4}, {""name"": ""TensorFlow"", ""rating"": 5}, {""name"": ""Azure"", ""rating"": 4}, {""name"": ""Pandas"", ""rating"": 4}, {""name"": ""Kubernetes"", ""rating"": 2}, {""name"": ""C++"", ""rating"": 3}]",0.771,0.728,Eligible,R0027
S0028,Neha Rao,nrao1028,nrao1028@example.edu,SRM Institute of Science and Technology,REG20251888,2025,7,Bengaluru,7.38,3,Data Science;Blockchain;Embedded Systems,"[{""name"": ""Redux"", ""rating"": 5}, {""name"": ""Java"", ""rating"": 5}, {""name"": ""Node.js"", ""rating"": 2}, {""name"": ""Flask"", ""rating"": 2}, {""name"": ""CSS"", ""rating"": 3}, {""name"": ""JavaScript"", ""rating"": 3}, {""name"": ""SQL"", ""rating"": 4}]",0.686,0.568,Maybe,R0028
S0029,Rahul Rao,rrao1029,rrao1029@example.edu,Vellore Institute of Technology,REG20258736,2025,8,Bengaluru,7.1,0,Cybersecurity,"[{""name"": ""Node.js"", ""rating"": 5}, {""name"": ""PyTorch"", ""rating"": 4}, {""name"": ""HTML"", ""rating"": 4}, {""name"": ""TypeScript"", ""rating"": 2}, {""name"": ""JavaScript"", ""rating"": 4}, {""name"": ""C++"", ""rating"": 4}, {""name"": ""Flask"", ""rating"": 5}]",0.8,0.434,Maybe,R0029
S0030,Kavya Bose,kbose1030,kbose1030@example.edu,College of Engineering Guindy,REG20231606,2023,8,Bengaluru,7.31,1.5,Mobile Development;Web Development;Cybersecurity,"[{""name"": ""REST"", ""rating"": 5}, {""name"": ""Docker"", ""rating"": 2}, {""name"": ""C"", ""rating"": 3}, {""name"": ""HTML"", ""rating"": 5}]",0.75,0.511,Maybe,R0030
S0031,Vivaan Dutta,vdutta1031,vdutta1031@example.edu,PSG College of Technology,REG20234727,2023,5,Kolkata,5.42,0,Cloud;NLP,"[{""name"": ""Docker"", ""rating"": 2}, {""name"": ""React"", ""rating"": 2}, {""name"": ""MATLAB"", ""rating"": 4}, {""name"": ""SQL"", ""rating"": 2}]",0.5,0.155,Not Eligible,R0031
S0032,Sanjay Naidu,snaidu1032,snaidu1032@example.edu,St. Joseph's College,REG20238555,2023,4,Kolkata,6.17,1,DevOps;Computer Vision;Embedded Systems,"[{""name"": ""GraphQL"", ""rating"": 3}, {""name"": ""Git"", ""rating"": 2}, {""name"": ""Docker"", ""rating"": 5}, {""name"": ""SQL"", ""rating"": 4}]",0.7,0.333,Not Eligible,R0032
S0033,Aarav Verma,averma1033,averma1033@example.edu,SRM Institute of Science and Technology,REG20254770,2025,5,Delhi,8.69,0.5,UI/UX,"[{""name"": ""PyTorch"", ""rating"": 3}, {""name"": ""Flask"", ""rating"": 2}, {""name"": ""NumPy"", ""rating"": 2}, {""name"": ""Redux"", ""rating"": 4}, {""name"": ""TypeScript"", ""rating"": 5}]",0.64,0.629,Eligible,R0033
S0034,Sakshi Rao,srao1034,srao1034@example.edu,BITS Pilani,REG20245210,2024,3,Mumbai,9.34,1,Web Development;Cybersecurity;Cloud,"[{""name"": ""Git"", ""rating"": 5}, {""name"": ""C"", ""rating"": 4}, {""name"": ""Docker"", ""rating"": 2}, {""name"": ""C++"", ""rating"": 5}, {""name"": ""JavaScript"", ""rating"": 2}, {""name"": ""Django"", ""rating"": 4}]",0.733,0.753,Eligible,R0034
S0035,Aditya Ibrahim,aibrahim1035,aibrahim1035@example.edu,Vellore Institute of Technology,REG20253290,2025,2,Chennai,9.35,1,Data Science;Cloud,"[{""name"": ""C"", ""rating"": 4}, {""name"": ""GraphQL"", ""rating"": 5}, {""name"": ""Django"", ""rating"": 3}, {""name"": ""CSS"", ""rating"": 5}, {""name"": ""JavaScript"", ""rating"": 2}, {""name"": ""AWS"", ""rating"": 5}, {""name"": ""Docker"", ""rating"": 5}]",0.829,0.773,Eligible,R0035
S0036,Sakshi Murthy,smurthy1036,smurthy1036@example.edu,Anna University,REG20225520,2022,7,Bengaluru,9.45,3,UI/UX,"[{""name"": ""NumPy"", ""rating"": 2}, {""name"": ""Node.js"", ""rating"": 2}, {""name"": ""Pandas"", ""rating"": 4}, {""name"": ""PyTorch"", ""rating"": 3}]",0.55,0.81,Eligible,R0036
S0037,Priya Kumar,pkumar1037,pkumar1037@example.edu,St. Joseph's College,REG20223370,2022,5,Bengaluru,7.48,0,Mobile Development,"[{""name"": ""NumPy"", ""rating"": 2}, {""name"": ""REST"", ""rating"": 4}, {""name"": ""Python"", ""rating"": 3}, {""name"": ""JavaScript"", ""rating"": 4}]",0.65,0.453,Maybe,R0037
S0038,Meena Iyer,miyer1038,miyer1038@example.edu,Amrita Vishwa Vidyapeetham,REG20239543,2023,1,Pune,7.11,0,Cloud,"[{""name"": ""Kubernetes"", ""rating"": 2}, {""name"": ""REST"", ""rating"": 5}, {""name"": ""AWS"", ""rating"": 5}, {""name"": ""Azure"", ""rating"": 2}]",0.7,0.415,Maybe,R0038
S0039,Pooja Nair,pnair1039,pnair1039@example.edu,College of Engineering Guindy,REG20247532,2024,8,Hyderabad,8.36,1.5,Blockchain,"[{""name"": ""Postgres"", ""rating"": 2}, {""name"": ""NumPy"", ""rating"": 2}, {""name"": ""Flask"", ""rating"": 2}, {""name"": ""MongoDB"", ""rating"": 2}, {""name"": ""JavaScript"", ""rating"": 5}, {""name"": ""REST"", ""rating"": 2}, {""name"": ""Kubernetes"", ""rating"": 4}]",0.543,0.607,Eligible,R0039
S0040,Sakshi Khan,skhan1040,skhan1040@example.edu,SRM Institute of Science and Technology,REG20246761,2024,5,Chennai,7.66,0.5,Blockchain;UI/UX,"[{""name"": ""NumPy"", ""rating"": 4}, {""name"": ""Kubernetes"", ""rating"": 4}, {""name"": ""Django"", ""rating"": 2}, {""name"": ""REST"", ""rating"": 4}, {""name"": ""C"", ""rating"": 3}]",0.68,0.503,Maybe,R0040
S0041,Krishna Kumar,kkumar1041,kkumar1041@example.edu,St. Joseph's College,REG20253324,2025,2,Kolkata,7.91,0,DevOps;Cloud,"[{""name"": ""TypeScript"", ""rating"": 5}, {""name"": ""HTML"", ""rating"": 5}, {""name"": ""Node.js"", ""rating"": 4}, {""name"": ""AWS"", ""rating"": 3}]",0.85,0.55,Maybe,R0041
S0042,Ravi Singh,rsingh1042,rsingh1042@example.edu,BITS Pilani,REG20228043,2022,6,Chennai,6.3,3,Web Development;Data Science,"[{""name"": ""Java"", ""rating"": 3}, {""name"": ""Django"", ""rating"": 4}, {""name"": ""AWS"", ""rating"": 3}, {""name"": ""PyTorch"", ""rating"": 3}, {""name"": ""GraphQL"", ""rating"": 4}, {""name"": ""Python"", ""rating"": 4}]",0.7,0.43,Maybe,R0042
S0043,Neha Patel,npatel1043,npatel1043@example.edu,College of Engineering Guindy,REG20222275,2022,8,Mumbai,6.44,2,Embedded Systems,"[{""name"": ""MATLAB"", ""rating"": 4}, {""name"": ""Pandas"", ""rating"": 3}, {""name"": ""Azure"", ""rating"": 5}, {""name"": ""SQL"", ""rating"": 4}, {""name"": ""C"", ""rating"": 2}, {""name"": ""AWS"", ""rating"": 5}, {""name"": ""Python"", ""rating"": 2}]",0.714,0.411,Maybe,R0043
S0044,Karthik Menon,kmenon1044,kmenon1044@example.edu,Anna University,REG20232684,2023,4,Bengaluru,6.18,0,Web Development;Cybersecurity,"[{""name"": ""Redux"", ""rating"": 5}, {""name"": ""Pandas"", ""rating"": 5}, {""name"": ""C++"", ""rating"": 4}, {""name"": ""React"", ""rating"": 4}, {""name"": ""Kubernetes"", ""rating"": 3}]",0.84,0.322,Not Eligible,R0044
S0045,Vivaan Menon,vmenon1045,vmenon1045@example.edu,Vellore Institute of Technology,REG20229307,2022,2,Hyderabad,7.13,4,Cybersecurity,"[{""name"": ""Docker"", ""rating"": 3}, {""name"": ""Git"", ""rating"": 4}, {""name"": ""TensorFlow"", ""rating"": 5}, {""name"": ""Pandas"", ""rating"": 3}]",0.75,0.588,Maybe,R0045
S0046,Sanjay Ibrahim,sibrahim1046,sibrahim1046@example.edu,Amrita Vishwa Vidyapeetham,REG20237108,2023,6,Pune,6.78,1.5,NLP;Computer Vision,"[{""name"": ""Git"", ""rating"": 4}, {""name"": ""Pandas"", ""rating"": 2}, {""name"": ""Postgres"", ""rating"": 5}, {""name"": ""C++"", ""rating"": 4}]",0.75,0.442,Maybe,R0046
S0047,Sneha Reddy,sreddy1047,sreddy1047@example.edu,College of Engineering Guindy,REG20246940,2024,1,Pune,5.83,0.5,Embedded Systems;Mobile Development;Computer Vision,"[{""name"": ""Redux"", ""rating"": 2}, {""name"": ""Kubernetes"", ""rating"": 4}, {""name"": ""Node.js"", ""rating"": 2}, {""name"": ""Django"", ""rating"": 2}, {""name"": ""JavaScript"", ""rating"": 4}, {""name"": ""GraphQL"", ""rating"": 3}]",0.567,0.242,Not Eligible,R0047
S0048,Sakshi Nair,snair1048,snair1048@example.edu,Amrita Vishwa Vidyapeetham,REG20244833,2024,8,Delhi,6.1,3,Mobile Development;DevOps;Data Science,"[{""name"": ""MongoDB"", ""rating"": 4}, {""name"": ""NumPy"", ""rating"": 5}, {""name"": ""TensorFlow"", ""rating"": 5}, {""name"": ""Docker"", ""rating"": 3}, {""name"": ""Redux"", ""rating"": 3}]",0.8,0.423,Maybe,R0048
S0049,Sanjay Ibrahim,sibrahim1049,sibrahim1049@example.edu,Anna University,REG20221872,2022,7,Hyderabad,7.31,0.5,Cybersecurity;NLP;UI/UX,"[{""name"": ""C++"", ""rating"": 4}, {""name"": ""MongoDB"", ""rating"": 3}, {""name"": ""Django"", ""rating"": 3}, {""name"": ""Python"", ""rating"": 2}, {""name"": ""Postgres"", ""rating"": 4}, {""name"": ""C"", ""rating"": 5}, {""name"": ""MATLAB"", ""rating"": 3}]",0.686,0.458,Maybe,R0049
S0050,Lakshmi Rao,lrao1050,lrao1050@example.edu,College of Engineering Guindy,REG20224893,2022,5,Pune,5.56,0.5,UI/UX,"[{""name"": ""Pandas"", ""rating"": 2}, {""name"": ""Git"", ""rating"": 3}, {""name"": ""PyTorch"", ""rating"": 3}, {""name"": ""Docker"", ""rating"": 4}, {""name"": ""C++"", ""rating"": 5}, {""name"": ""C"", ""rating"": 2}, {""name"": ""Kubernetes"", ""rating"": 4}]",0.657,0.224,Not Eligible,R0050
S0051,Divya Sharma,dsharma1051,dsharma1051@example.edu,College of Engineering Guindy,REG20257338,2025,1,Pune,6.17,0,Mobile Development;Computer Vision;Cybersecurity,"[{""name"": ""Git"", ""rating"": 2}, {""name"": ""C++"", ""rating"": 4}, {""name"": ""MongoDB"", ""rating"": 3}, {""name"": ""Django"", ""rating"": 2}, {""name"": ""TypeScript"", ""rating"": 4}, {""name"": ""NumPy"", ""rating"": 4}]",0.633,0.279,Not Eligible,R0051
S0052,Neha Murthy,nmurthy1052,nmurthy1052@example.edu,Amrita Vishwa Vidyapeetham,REG20244131,2024,1,Pune,6.64,0,Blockchain;DevOps,"[{""name"": ""Flask"", ""rating"": 5}, {""name"": ""C"", ""rating"": 5}, {""name"": ""Git"", ""rating"": 4}, {""name"": ""MongoDB"", ""rating"": 3}, {""name"": ""Azure"", ""rating"": 5}, {""name"": ""AWS"", ""rating"": 5}]",0.9,0.394,Maybe,R0052
S0053,Rahul Joshi,rjoshi1053,rjoshi1053@example.edu,PSG College of Technology,REG20225843,2022,6,Pune,7.05,2,Computer Vision;Embedded Systems;Cloud,"[{""name"": ""MATLAB"", ""rating"": 4}, {""name"": ""Docker"", ""rating"": 5}, {""name"": ""MongoDB"", ""rating"": 4}, {""name"": ""Java"", ""rating"": 2}, {""name"": ""TypeScript"", ""rating"": 2}]",0.68,0.483,Maybe,R0053
S0054,Vivaan Dutta,vdutta1054,vdutta1054@example.edu,MIT,REG20257095,2025,6,Hyderabad,8.51,0,NLP;Cybersecurity,"[{""name"": ""AWS"", ""rating"": 2}, {""name"": ""Postgres"", ""rating"": 3}, {""name"": ""Pandas"", ""rating"": 5}, {""name"": ""Flask"", ""rating"": 5}, {""name"": ""Django"", ""rating"": 2}, {""name"": ""C"", ""rating"": 4}]",0.7,0.598,Maybe,R0054
S0055,Ishaan Reddy,ireddy1055,ireddy1055@example.edu,Amrita Vishwa Vidyapeetham,REG20232438,2023,8,Mumbai,8.14,1.5,AI/ML,"[{""name"": ""MATLAB"", ""rating"": 3}, {""name"": ""C++"", ""rating"": 3}, {""name"": ""CSS"", ""rating"": 4}, {""name"": ""Linux"", ""rating"": 3}, {""name"": ""SQL"", ""rating"": 2}, {""name"": ""Redux"", ""rating"": 3}]",0.6,0.59,Maybe,R0055
S0056,Rahul Bose,rbose1056,rbose1056@example.edu,Amrita Vishwa Vidyapeetham,REG20252208,2025,7,Bengaluru,9.47,0,Mobile Development,"[{""name"": ""Docker"", ""rating"": 3}, {""name"": ""NumPy"", ""rating"": 3}, {""name"": ""HTML"", ""rating"": 5}, {""name"": ""MongoDB"", ""rating"": 2}, {""name"": ""JavaScript"", ""rating"": 2}, {""name"": ""CSS"", ""rating"": 3}, {""name"": ""Pandas"", ""rating"": 4}]",0.629,0.709,Eligible,R0056
S0057,Ishaan Chowdhury,ichowdhury1057,ichowdhury1057@example.edu,St. Joseph's College,REG20223526,2022,3,Bengaluru,8.03,1.5,Computer Vision;Data Science;Cybersecurity,"[{""name"": ""Linux"", ""rating"": 2}, {""name"": ""REST"", ""rating"": 4}, {""name"": ""Python"", ""rating"": 3}, {""name"": ""C++"", ""rating"": 5}]",0.7,0.595,Maybe,R0057
S0058,Pooja Singh,psingh1058,psingh1058@example.edu,Anna University,REG20236231,2023,6,Kolkata,9.54,1.5,Data Science,"[{""name"": ""JavaScript"", ""rating"": 3}, {""name"": ""Redux"", ""rating"": 5}, {""name"": ""MongoDB"", ""rating"": 2}, {""name"": ""HTML"", ""rating"": 4}, {""name"": ""CSS"", ""rating"": 5}, {""name"": ""C"", ""rating"": 3}, {""name"": ""Postgres"", ""rating"": 3}]",0.714,0.795,Eligible,R0058
S0059,Kavya Rao,krao1059,krao1059@example.edu,Amrita Vishwa Vidyapeetham,REG20259148,2025,5,Chennai,5.41,2,NLP;Cloud,"[{""name"": ""Django"", ""rating"": 5}, {""name"": ""Node.js"", ""rating"": 5}, {""name"": ""TensorFlow"", ""rating"": 4}, {""name"": ""MongoDB"", ""rating"": 2}, {""name"": ""Java"", ""rating"": 2}, {""name"": ""Redux"", ""rating"": 5}, {""name"": ""SQL"", ""rating"": 3}]",0.743,0.282,Not Eligible,R0059
S0060,Neha Rao,nrao1060,nrao1060@example.edu,Amrita Vishwa Vidyapeetham,REG20243108,2024,2,Chennai,6.81,1.5,Cybersecurity;Mobile Development;UI/UX,"[{""name"": ""Redux"", ""rating"": 2}, {""name"": ""JavaScript"", ""rating"": 2}, {""name"": ""Node.js"", ""rating"": 2}, {""name"": ""PyTorch"", ""rating"": 3}, {""name"": ""HTML"", ""rating"": 4}, {""name"": ""AWS"", ""rating"": 5}]",0.6,0.416,Maybe,R0060
S0061,Aarav Menon,amenon1061,amenon1061@example.edu,Anna University,REG20226040,2022,7,Mumbai,9.13,0,NLP;Web Development;AI/ML,"[{""name"": ""Flask"", ""rating"": 2}, {""name"": ""Pandas"", ""rating"": 5}, {""name"": ""Git"", ""rating"": 3}, {""name"": ""Redux"", ""rating"": 5}, {""name"": ""TensorFlow"", ""rating"": 3}, {""name"": ""Linux"", ""rating"": 3}, {""name"": ""Django"", ""rating"": 2}]",0.657,0.67,Eligible,R0061
S0062,Karthik Khan,kkhan1062,kkhan1062@example.edu,BITS Pilani,REG20253262,2025,1,Delhi,5.95,1.5,DevOps,"[{""name"": ""HTML"", ""rating"": 4}, {""name"": ""AWS"", ""rating"": 4}, {""name"": ""Postgres"", ""rating"": 5}, {""name"": ""React"", ""rating"": 3}, {""name"": ""Docker"", ""rating"": 3}, {""name"": ""CSS"", ""rating"": 4}, {""name"": ""Linux"", ""rating"": 4}]",0.771,0.338,Not Eligible,R0062
S0063,Arjun Verma,averma1063,averma1063@example.edu,BITS Pilani,REG20256654,2025,7,Mumbai,8.7,1,Blockchain,"[{""name"": ""SQL"", ""rating"": 5}, {""name"": ""MATLAB"", ""rating"": 4}, {""name"": ""C++"", ""rating"": 5}, {""name"": ""MongoDB"", ""rating"": 3}]",0.85,0.693,Eligible,R0063
S0064,Sneha Nair,snair1064,snair1064@example.edu,IIT Madras,REG20227771,2022,2,Pune,8.3,0,Computer Vision;Data Science,"[{""name"": ""Python"", ""rating"": 5}, {""name"": ""CSS"", ""rating"": 5}, {""name"": ""React"", ""rating"": 3}, {""name"": ""Azure"", ""rating"": 4}, {""name"": ""Pandas"", ""rating"": 4}]",0.84,0.598,Maybe,R0064
S0065,Krishna Patel,kpatel1065,kpatel1065@example.edu,College of Engineering Guindy,REG20255742,2025,3,Chennai,5.04,0,NLP,"[{""name"": ""SQL"", ""rating"": 3}, {""name"": ""Docker"", ""rating"": 5}, {""name"": ""Pandas"", ""rating"": 4}, {""name"": ""CSS"", ""rating"": 3}, {""name"": ""HTML"", ""rating"": 2}, {""name"": ""Kubernetes"", ""rating"": 4}]",0.7,0.145,Not Eligible,R0065
S0066,Lakshmi Bose,lbose1066,lbose1066@example.edu,College of Engineering Guindy,REG20247567,2024,2,Kolkata,5.44,0,Computer Vision,"[{""name"": ""Postgres"", ""rating"": 4}, {""name"": ""Django"", ""rating"": 4}, {""name"": ""Python"", ""rating"": 4}, {""name"": ""Flask"", ""rating"": 2}, {""name"": ""AWS"", ""rating"": 4}, {""name"": ""REST"", ""rating"": 4}, {""name"": ""Docker"", ""rating"": 3}]",0.714,0.2,Not Eligible,R0066
S0067,Rahul Iyer,riyer1067,riyer1067@example.edu,Vellore Institute of Technology,REG20244590,2024,4,Bengaluru,7.2,3,Web Development;Data Science;Blockchain,"[{""name"": ""Azure"", ""rating"": 3}, {""name"": ""MATLAB"", ""rating"": 3}, {""name"": ""CSS"", ""rating"": 2}, {""name"": ""Kubernetes"", ""rating"": 5}, {""name"": ""Redux"", ""rating"": 4}, {""name"": ""Linux"", ""rating"": 2}]",0.633,0.534,Maybe,R0067
S0068,Pooja Kumar,pkumar1068,pkumar1068@example.edu,BITS Pilani,REG20251945,2025,8,Delhi,7.13,1,NLP;Web Development,"[{""name"": ""AWS"", ""rating"": 3}, {""name"": ""Flask"", ""rating"": 2}, {""name"": ""Linux"", ""rating"": 2}, {""name"": ""Python"", ""rating"": 5}]",0.6,0.438,Maybe,R0068
S0069,Divya Kumar,dkumar1069,dkumar1069@example.edu,Anna University,REG20229802,2022,3,Hyderabad,7.43,0.5,Cloud;Mobile Development,"[{""name"": ""Redux"", ""rating"": 5}, {""name"": ""Python"", ""rating"": 5}, {""name"": ""SQL"", ""rating"": 3}, {""name"": ""Docker"", ""rating"": 3}]",0.8,0.497,Maybe,R0069
S0070,Lakshmi Patel,lpatel1070,lpatel1070@example.edu,Amrita Vishwa Vidyapeetham,REG20221724,2022,4,Hyderabad,7.02,4,Mobile Development;Computer Vision,"[{""name"": ""Redux"", ""rating"": 4}, {""name"": ""REST"", ""rating"": 3}, {""name"": ""Java"", ""rating"": 4}, {""name"": ""JavaScript"", ""rating"": 4}, {""name"": ""HTML"", ""rating"": 3}]",0.72,0.567,Maybe,R0070
S0071,Ananya Khan,akhan1071,akhan1071@example.edu,MIT,REG20244012,2024,7,Mumbai,7.47,0.5,AI/ML;DevOps,"[{""name"": ""SQL"", ""rating"": 5}, {""name"": ""REST"", ""rating"": 2}, {""name"": ""MATLAB"", ""rating"": 5}, {""name"": ""JavaScript"", ""rating"": 5}, {""name"": ""Git"", ""rating"": 3}]",0.8,0.502,Maybe,R0071
S0072,Divya Singh,dsingh1072,dsingh1072@example.edu,SRM Institute of Science and Technology,REG20241647,2024,7,Mumbai,5.33,4,NLP,"[{""name"": ""Kubernetes"", ""rating"": 2}, {""name"": ""Node.js"", ""rating"": 3}, {""name"": ""REST"", ""rating"": 3}, {""name"": ""Postgres"", ""rating"": 2}, {""name"": ""SQL"", ""rating"": 5}]",0.6,0.323,Not Eligible,R0072
S0073,Kavya Ibrahim,kibrahim1073,kibrahim1073@example.edu,PSG College of Technology,REG20254328,2025,6,Pune,6.44,0,Embedded Systems,"[{""name"": ""TypeScript"", ""rating"": 5}, {""name"": ""JavaScript"", ""rating"": 4}, {""name"": ""Python"", ""rating"": 3}, {""name"": ""Flask"", ""rating"": 3}, {""name"": ""CSS"", ""rating"": 4}]",0.76,0.34,Not Eligible,R0073
S0074,Kavya Gupta,kgupta1074,kgupta1074@example.edu,BITS Pilani,REG20222217,2022,1,Mumbai,8.07,0,Data Science,"[{""name"": ""JavaScript"", ""rating"": 2}, {""name"": ""Linux"", ""rating"": 3}, {""name"": ""Pandas"", ""rating"": 5}, {""name"": ""Django"", ""rating"": 4}, {""name"": ""C++"", ""rating"": 2}, {""name"": ""MATLAB"", ""rating"": 5}, {""name"": ""GraphQL"", ""rating"": 5}]",0.743,0.549,Maybe,R0074
S0075,Arjun Rao,arao1075,arao1075@example.edu,MIT,REG20239625,2023,4,Pune,8.75,1,Blockchain;Cybersecurity,"[{""name"": ""C++"", ""rating"": 3}, {""name"": ""MongoDB"", ""rating"": 4}, {""name"": ""AWS"", ""rating"": 2}, {""name"": ""Docker"", ""rating"": 2}, {""name"": ""TensorFlow"", ""rating"": 2}, {""name"": ""Django"", ""rating"": 5}, {""name"": ""MATLAB"", ""rating"": 5}]",0.657,0.661,Eligible,R0075
S0076,Ananya Joshi,ajoshi1076,ajoshi1076@example.edu,St. Joseph's College,REG20224764,2022,1,Bengaluru,9.15,3,Embedded Systems;Web Development;DevOps,"[{""name"": ""Java"", ""rating"": 2}, {""name"": ""C++"", ""rating"": 3}, {""name"": ""NumPy"", ""rating"": 4}, {""name"": ""Flask"", ""rating"": 2}, {""name"": ""CSS"", ""rating"": 3}, {""name"": ""TensorFlow"", ""rating"": 3}]",0.567,0.775,Eligible,R0076
S0077,Ishaan Reddy,ireddy1077,ireddy1077@example.edu,BITS Pilani,REG20242600,2024,1,Hyderabad,6.07,0,Embedded Systems;NLP;Mobile Development,"[{""name"": ""PyTorch"", ""rating"": 2}, {""name"": ""Redux"", ""rating"": 4}, {""name"": ""GraphQL"", ""rating"": 5}, {""name"": ""Linux"", ""rating"": 5}, {""name"": ""AWS"", ""rating"": 3}, {""name"": ""Postgres"", ""rating"": 4}]",0.767,0.293,Not Eligible,R0077
S0078,Sakshi Iyer,siyer1078,siyer1078@example.edu,PSG College of Technology,REG20228286,2022,5,Pune,8.5,0,Web Development;UI/UX;Computer Vision,"[{""name"": ""C++"", ""rating"": 5}, {""name"": ""React"", ""rating"": 2}, {""name"": ""Azure"", ""rating"": 2}, {""name"": ""Docker"", ""rating"": 2}, {""name"": ""CSS"", ""rating"": 4}]",0.6,0.577,Maybe,R0078
S0079,Krishna Bose,kbose1079,kbose1079@example.edu,MIT,REG20235933,2023,5,Pune,7.27,0,UI/UX;AI/ML;Cybersecurity,"[{""name"": ""Azure"", ""rating"": 2}, {""name"": ""Flask"", ""rating"": 4}, {""name"": ""SQL"", ""rating"": 4}, {""name"": ""Kubernetes"", ""rating"": 3}, {""name"": ""Git"", ""rating"": 5}]",0.72,0.44,Maybe,R0079
S0080,Neha Joshi,njoshi1080,njoshi1080@example.edu,Amrita Vishwa Vidyapeetham,REG20243230,2024,7,Pune,6.48,0.5,UI/UX,"[{""name"": ""Postgres"", ""rating"": 5}, {""name"": ""React"", ""rating"": 3}, {""name"": ""AWS"", ""rating"": 4}, {""name"": ""GraphQL"", ""rating"": 5}, {""name"": ""SQL"", ""rating"": 4}, {""name"": ""TypeScript"", ""rating"": 5}, {""name"": ""MATLAB"", ""rating"": 4}]",0.857,0.384,Maybe,R0080
S0081,Pooja Singh,psingh1081,psingh1081@example.edu,Amrita Vishwa Vidyapeetham,REG20247703,2024,2,Kolkata,7.3,1,Blockchain;Embedded Systems;NLP,"[{""name"": ""Flask"", ""rating"": 5}, {""name"": ""NumPy"", ""rating"": 2}, {""name"": ""JavaScript"", ""rating"": 5}, {""name"": ""MATLAB"", ""rating"": 5}, {""name"": ""Azure"", ""rating"": 5}]",0.88,0.516,Maybe,R0081
S0082,Sakshi Gupta,sgupta1082,sgupta1082@example.edu,St. Joseph's College,REG20226432,2022,7,Mumbai,6.98,0,Computer Vision;UI/UX,"[{""name"": ""Flask"", ""rating"": 3}, {""name"": ""Django"", ""rating"": 5}, {""name"": ""HTML"", ""rating"": 4}, {""name"": ""TypeScript"", ""rating"": 5}]",0.85,0.428,Maybe,R0082
S0083,Karthik Rao,krao1083,krao1083@example.edu,Amrita Vishwa Vidyapeetham,REG20242599,2024,8,Hyderabad,8.32,3,Mobile Development;Cloud;Blockchain,"[{""name"": ""C++"", ""rating"": 2}, {""name"": ""SQL"", ""rating"": 4}, {""name"": ""Java"", ""rating"": 2}, {""name"": ""Git"", ""rating"": 3}, {""name"": ""MATLAB"", ""rating"": 3}, {""name"": ""C"", ""rating"": 3}]",0.567,0.666,Eligible,R0083
S0084,Karthik Ibrahim,kibrahim1084,kibrahim1084@example.edu,St. Joseph's College,REG20251072,2025,7,Kolkata,5.99,1,Web Development;DevOps,"[{""name"": ""TensorFlow"", ""rating"": 3}, {""name"": ""C"", ""rating"": 4}, {""name"": ""Git"", ""rating"": 4}, {""name"": ""REST"", ""rating"": 3}]",0.7,0.309,Not Eligible,R0084
S0085,Meena Reddy,mreddy1085,mreddy1085@example.edu,MIT,REG20244908,2024,2,Pune,5.54,1.5,Mobile Development;Cybersecurity;DevOps,"[{""name"": ""HTML"", ""rating"": 5}, {""name"": ""AWS"", ""rating"": 5}, {""name"": ""Azure"", ""rating"": 3}, {""name"": ""PyTorch"", ""rating"": 5}, {""name"": ""JavaScript"", ""rating"": 3}]",0.84,0.298,Not Eligible,R0085
S0086,Kavya Kumar,kkumar1086,kkumar1086@example.edu,IIT Madras,REG20257703,2025,8,Kolkata,7.26,3,Blockchain;Web Development;UI/UX,"[{""name"": ""React"", ""rating"": 2}, {""name"": ""C++"", ""rating"": 4}, {""name"": ""TensorFlow"", ""rating"": 3}, {""name"": ""Python"", ""rating"": 4}, {""name"": ""Redux"", ""rating"": 3}, {""name"": ""Django"", ""rating"": 5}, {""name"": ""SQL"", ""rating"": 5}]",0.743,0.563,Maybe,R0086
S0087,Pooja Murthy,pmurthy1087,pmurthy1087@example.edu,IIT Madras,REG20255055,2025,2,Pune,9.02,0,UI/UX,"[{""name"": ""Flask"", ""rating"": 3}, {""name"": ""MongoDB"", ""rating"": 4}, {""name"": ""Linux"", ""rating"": 5}, {""name"": ""C++"", ""rating"": 3}, {""name"": ""Docker"", ""rating"": 3}, {""name"": ""C"", ""rating"": 3}, {""name"": ""Django"", ""rating"": 3}]",0.686,0.661,Eligible,R0087
S0088,Sneha Iyer,siyer1088,siyer1088@example.edu,MIT,REG20255543,2025,1,Mumbai,8.02,0,Cybersecurity;Web Development,"[{""name"": ""JavaScript"", ""rating"": 5}, {""name"": ""MATLAB"", ""rating"": 5}, {""name"": ""Postgres"", ""rating"": 3}, {""name"": ""Linux"", ""rating"": 4}, {""name"": ""Django"", ""rating"": 5}]",0.88,0.57,Maybe,R0088
S0089,Sakshi Reddy,sreddy1089,sreddy1089@example.edu,BITS Pilani,REG20258039,2025,4,Mumbai,5.97,1,Web Development,"[{""name"": ""Linux"", ""rating"": 5}, {""name"": ""SQL"", ""rating"": 4}, {""name"": ""Postgres"", ""rating"": 2}, {""name"": ""CSS"", ""rating"": 2}, {""name"": ""TensorFlow"", ""rating"": 2}, {""name"": ""JavaScript"", ""rating"": 5}]",0.667,0.3,Not Eligible,R0089
S0090,Ishaan Chowdhury,ichowdhury1090,ichowdhury1090@example.edu,MIT,REG20246905,2024,2,Pune,5.38,0,AI/ML,"[{""name"": ""AWS"", ""rating"": 3}, {""name"": ""Pandas"", ""rating"": 5}, {""name"": ""SQL"", ""rating"": 2}, {""name"": ""TypeScript"", ""rating"": 2}]",0.6,0.17,Not Eligible,R0090
S0091,Ishaan Naidu,inaidu1091,inaidu1091@example.edu,PSG College of Technology,REG20232463,2023,7,Kolkata,8.71,0,AI/ML;Computer Vision;Mobile Development,"[{""name"": ""MongoDB"", ""rating"": 3}, {""name"": ""SQL"", ""rating"": 2}, {""name"": ""JavaScript"", ""rating"": 2}, {""name"": ""AWS"", ""rating"": 3}, {""name"": ""Redux"", ""rating"": 5}, {""name"": ""Linux"", ""rating"": 4}]",0.633,0.611,Eligible,R0091
S0092,Ananya Joshi,ajoshi1092,ajoshi1092@example.edu,MIT,REG20232380,2023,5,Bengaluru,7.55,1,Data Science;AI/ML;Cybersecurity,"[{""name"": ""REST"", ""rating"": 3}, {""name"": ""NumPy"", ""rating"": 3}, {""name"": ""GraphQL"", ""rating"": 5}, {""name"": ""SQL"", ""rating"": 4}]",0.75,0.523,Maybe,R0092
S0093,Meena Khan,mkhan1093,mkhan1093@example.edu,Anna University,REG20232195,2023,8,Chennai,7.7,0,Web Development;DevOps,"[{""name"": ""Node.js"", ""rating"": 4}, {""name"": ""Java"", ""rating"": 5}, {""name"": ""REST"", ""rating"": 5}, {""name"": ""Git"", ""rating"": 5}, {""name"": ""AWS"", ""rating"": 2}, {""name"": ""HTML"", ""rating"": 3}]",0.8,0.512,Maybe,R0093
S0094,Meena Reddy,mreddy1094,mreddy1094@example.edu,Vellore Institute of Technology,REG20251948,2025,4,Bengaluru,5.4,2,Data Science;Mobile Development;Cybersecurity,"[{""name"": ""Docker"", ""rating"": 3}, {""name"": ""PyTorch"", ""rating"": 2}, {""name"": ""Java"", ""rating"": 2}, {""name"": ""SQL"", ""rating"": 3}]",0.5,0.232,Not Eligible,R0094
S0095,Priya Khan,pkhan1095,pkhan1095@example.edu,Vellore Institute of Technology,REG20222262,2022,5,Hyderabad,7.09,1.5,Computer Vision;Web Development;AI/ML,"[{""name"": ""Kubernetes"", ""rating"": 4}, {""name"": ""REST"", ""rating"": 3}, {""name"": ""TensorFlow"", ""rating"": 4}, {""name"": ""React"", ""rating"": 2}]",0.65,0.463,Maybe,R0095
S0096,Ananya Joshi,ajoshi1096,ajoshi1096@example.edu,Vellore Institute of Technology,REG20222956,2022,6,Delhi,8.1,0,Blockchain,"[{""name"": ""Django"", ""rating"": 2}, {""name"": ""Git"", ""rating"": 5}, {""name"": ""HTML"", ""rating"": 4}, {""name"": ""Java"", ""rating"": 4}, {""name"": ""AWS"", ""rating"": 4}]",0.76,0.556,Maybe,R0096
S0097,Meena Naidu,mnaidu1097,mnaidu1097@example.edu,IIT Madras,REG20231104,2023,3,Hyderabad,5.11,4,Data Science;Mobile Development,"[{""name"": ""Pandas"", ""rating"": 5}, {""name"": ""Linux"", ""rating"": 4}, {""name"": ""MATLAB"", ""rating"": 2}, {""name"": ""Python"", ""rating"": 3}, {""name"": ""Postgres"", ""rating"": 3}, {""name"": ""Git"", ""rating"": 5}]",0.733,0.321,Not Eligible,R0097
S0098,Meena Patel,mpatel1098,mpatel1098@example.edu,College of Engineering Guindy,REG20235778,2023,4,Pune,8.91,2,Cloud;Embedded Systems,"[{""name"": ""Postgres"", ""rating"": 3}, {""name"": ""Docker"", ""rating"": 2}, {""name"": ""Flask"", ""rating"": 3}, {""name"": ""Django"", ""rating"": 2}, {""name"": ""C++"", ""rating"": 3}, {""name"": ""Node.js"", ""rating"": 5}]",0.6,0.71,Eligible,R0098
S0099,Ravi Iyer,riyer1099,riyer1099@example.edu,PSG College of Technology,REG20231660,2023,5,Bengaluru,8.85,1.5,Cybersecurity;Blockchain,"[{""name"": ""C++"", ""rating"": 2}, {""name"": ""MATLAB"", ""rating"": 4}, {""name"": ""Django"", ""rating"": 4}, {""name"": ""MongoDB"", ""rating"": 3}, {""name"": ""AWS"", ""rating"": 2}]",0.6,0.682,Eligible,R0099
S0100,Aditya Verma,averma1100,averma1100@example.edu,St. Joseph's College,REG20241357,2024,2,Chennai,5.91,3,UI/UX,"[{""name"": ""C++"", ""rating"": 4}, {""name"": ""GraphQL"", ""rating"": 2}, {""name"": ""REST"", ""rating"": 2}, {""name"": ""Linux"", ""rating"": 5}, {""name"": ""Git"", ""rating"": 2}]",0.6,0.359,Maybe,R0100
S0101,Ravi Das,rdas1101,rdas1101@example.edu,Amrita Vishwa Vidyapeetham,REG20235026,2023,1,Kolkata,6.36,2,Blockchain;Cloud;Embedded Systems,"[{""name"": ""Java"", ""rating"": 3}, {""name"": ""C++"", ""rating"": 2}, {""name"": ""Flask"", ""rating"": 5}, {""name"": ""AWS"", ""rating"": 4}, {""name"": ""JavaScript"", ""rating"": 5}, {""name"": ""Azure"", ""rating"": 5}, {""name"": ""Node.js"", ""rating"": 4}]",0.8,0.417,Maybe,R0101
S0102,Meena Nair,mnair1102,mnair1102@example.edu,MIT,REG20224951,2022,4,Pune,7.45,0,Data Science;Cloud;UI/UX,"[{""name"": ""TensorFlow"", ""rating"": 3}, {""name"": ""REST"", ""rating"": 3}, {""name"": ""Git"", ""rating"": 3}, {""name"": ""AWS"", ""rating"": 4}, {""name"": ""MongoDB"", ""rating"": 4}]",0.68,0.456,Maybe,R0102
S0103,Kavya Sharma,ksharma1103,ksharma1103@example.edu,Anna University,REG20236582,2023,3,Kolkata,5.82,1.5,NLP;Computer Vision,"[{""name"": ""Python"", ""rating"": 3}, {""name"": ""JavaScript"", ""rating"": 2}, {""name"": ""TensorFlow"", ""rating"": 4}, {""name"": ""MATLAB"", ""rating"": 2}]",0.55,0.277,Not Eligible,R0103
S0104,Priya Gupta,pgupta1104,pgupta1104@example.edu,BITS Pilani,REG20243872,2024,4,Hyderabad,6.41,1,UI/UX;Web Development;Cybersecurity,"[{""name"": ""React"", ""rating"": 5}, {""name"": ""TypeScript"", ""rating"": 2}, {""name"": ""Python"", ""rating"": 3}, {""name"": ""MATLAB"", ""rating"": 4}, {""name"": ""TensorFlow"", ""rating"": 3}]",0.68,0.36,Maybe,R0104
S0105,Krishna Reddy,kreddy1105,kreddy1105@example.edu,Anna University,REG20255345,2025,1,Bengaluru,6.15,0,Cloud;Blockchain,"[{""name"": ""Flask"", ""rating"": 5}, {""name"": ""Git"", ""rating"": 5}, {""name"": ""C"", ""rating"": 5}, {""name"": ""TypeScript"", ""rating"": 3}, {""name"": ""Python"", ""rating"": 5}, {""name"": ""Java"", ""rating"": 5}]",0.933,0.337,Not Eligible,R0105
S0106,Ravi Iyer,riyer1106,riyer1106@example.edu,PSG College of Technology,REG20247151,2024,3,Bengaluru,8.37,4,Data Science,"[{""name"": ""Postgres"", ""rating"": 2}, {""name"": ""PyTorch"", ""rating"": 5}, {""name"": ""GraphQL"", ""rating"": 3}, {""name"": ""Kubernetes"", ""rating"": 5}]",0.75,0.75,Eligible,R0106
S0107,Rahul Chowdhury,rchowdhury1107,rchowdhury1107@example.edu,IIT Madras,REG20227437,2022,1,Delhi,7.53,3,Mobile Development,"[{""name"": ""Java"", ""rating"": 4}, {""name"": ""MongoDB"", ""rating"": 5}, {""name"": ""Python"", ""rating"": 3}, {""name"": ""Azure"", ""rating"": 2}, {""name"": ""C++"", ""rating"": 2}]",0.64,0.578,Maybe,R0107
S0108,Sakshi Gupta,sgupta1108,sgupta1108@example.edu,Amrita Vishwa Vidyapeetham,REG20228204,2022,5,Hyderabad,6.21,1,AI/ML;Blockchain;Data Science,"[{""name"": ""JavaScript"", ""rating"": 2}, {""name"": ""Redux"", ""rating"": 2}, {""name"": ""MATLAB"", ""rating"": 4}, {""name"": ""NumPy"", ""rating"": 5}]",0.65,0.328,Not Eligible,R0108
S0109,Meena Rao,mrao1109,mrao1109@example.edu,St. Joseph's College,REG20238357,2023,2,Bengaluru,9.37,0,NLP;Web Development,"[{""name"": ""Git"", ""rating"": 2}, {""name"": ""Node.js"", ""rating"": 5}, {""name"": ""JavaScript"", ""rating"": 3}, {""name"": ""Java"", ""rating"": 3}, {""name"": ""Azure"", ""rating"": 4}]",0.68,0.706,Eligible,R0109
S0110,Pooja Sharma,psharma1110,psharma1110@example.edu,St. Joseph's College,REG20257790,2025,2,Bengaluru,5.68,0,Computer Vision;Cybersecurity,"[{""name"": ""TensorFlow"", ""rating"": 4}, {""name"": ""Redux"", ""rating"": 4}, {""name"": ""C"", ""rating"": 5}, {""name"": ""Git"", ""rating"": 4}]",0.85,0.259,Not Eligible,R0110
S0111,Sakshi Sharma,ssharma1111,ssharma1111@example.edu,Anna University,REG20245593,2024,5,Mumbai,7.26,0,AI/ML;Embedded Systems,"[{""name"": ""JavaScript"", ""rating"": 4}, {""name"": ""SQL"", ""rating"": 4}, {""name"": ""TypeScript"", ""rating"": 5}, {""name"": ""Docker"", ""rating"": 2}, {""name"": ""Redux"", ""rating"": 3}]",0.72,0.439,Maybe,R0111
S0112,Vivaan Nair,vnair1112,vnair1112@example.edu,SRM Institute of Science and Technology,REG20256904,2025,1,Kolkata,5.92,1.5,DevOps,"[{""name"": ""HTML"", ""rating"": 4}, {""name"": ""AWS"", ""rating"": 5}, {""name"": ""Pandas"", ""rating"": 5}, {""name"": ""C"", ""rating"": 3}, {""name"": ""NumPy"", ""rating"": 5}, {""name"": ""Python"", ""rating"": 4}, {""name"": ""Django"", ""rating"": 4}]",0.857,0.351,Maybe,R0112
S0113,Ananya Rao,arao1113,arao1113@example.edu,SRM Institute of Science and Technology,REG20223167,2022,8,Kolkata,5.8,0,AI/ML;Cybersecurity,"[{""name"": ""Flask"", ""rating"": 4}, {""name"": ""PyTorch"", ""rating"": 5}, {""name"": ""Git"", ""rating"": 5}, {""name"": ""SQL"", ""rating"": 4}, {""name"": ""MATLAB"", ""rating"": 5}]",0.92,0.288,Not Eligible,R0113
S0114,Lakshmi Dutta,ldutta1114,ldutta1114@example.edu,Vellore Institute of Technology,REG20248892,2024,2,Chennai,6.55,1,Cloud;Computer Vision;Mobile Development,"[{""name"": ""REST"", ""rating"": 4}, {""name"": ""Flask"", ""rating"": 3}, {""name"": ""GraphQL"", ""rating"": 3}, {""name"": ""Pandas"", ""rating"": 3}, {""name"": ""MATLAB"", ""rating"": 2}, {""name"": ""Git"", ""rating"": 5}]",0.667,0.376,Maybe,R0114
S0115,Sakshi Rao,srao1115,srao1115@example.edu,Vellore Institute of Technology,REG20235813,2023,3,Chennai,7.17,1,Cloud;DevOps,"[{""name"": ""NumPy"", ""rating"": 3}, {""name"": ""GraphQL"", ""rating"": 4}, {""name"": ""Postgres"", ""rating"": 3}, {""name"": ""Pandas"", ""rating"": 4}, {""name"": ""C++"", ""rating"": 5}]",0.76,0.475,Maybe,R0115
S0116,Ananya Patel,apatel1116,apatel1116@example.edu,MIT,REG20236614,2023,4,Hyderabad,9.54,3,Data Science;NLP;Cybersecurity,"[{""name"": ""Postgres"", ""rating"": 2}, {""name"": ""REST"", ""rating"": 5}, {""name"": ""MATLAB"", ""rating"": 4}, {""name"": ""React"", ""rating"": 3}, {""name"": ""Redux"", ""rating"": 4}]",0.72,0.856,Eligible,R0116
S0117,Neha Khan,nkhan1117,nkhan1117@example.edu,Amrita Vishwa Vidyapeetham,REG20251618,2025,1,Delhi,5.92,1.5,NLP,"[{""name"": ""GraphQL"", ""rating"": 3}, {""name"": ""Postgres"", ""rating"": 2}, {""name"": ""Redux"", ""rating"": 2}, {""name"": ""Linux"", ""rating"": 3}]",0.5,0.28,Not Eligible,R0117
S0118,Sneha Dutta,sdutta1118,sdutta1118@example.edu,BITS Pilani,REG20243192,2024,7,Pune,9.58,3,Cloud,"[{""name"": ""Redux"", ""rating"": 3}, {""name"": ""Node.js"", ""rating"": 3}, {""name"": ""React"", ""rating"": 3}, {""name"": ""Git"", ""rating"": 3}, {""name"": ""AWS"", ""rating"": 2}, {""name"": ""Python"", ""rating"": 3}]",0.567,0.831,Eligible,R0118
S0119,Arjun Murthy,amurthy1119,amurthy1119@example.edu,Vellore Institute of Technology,REG20254366,2025,3,Kolkata,8.15,0,Cybersecurity,"[{""name"": ""Azure"", ""rating"": 3}, {""name"": ""NumPy"", ""rating"": 5}, {""name"": ""C"", ""rating"": 2}, {""name"": ""REST"", ""rating"": 2}, {""name"": ""HTML"", ""rating"": 4}, {""name"": ""Flask"", ""rating"": 2}]",0.6,0.531,Maybe,R0119
S0120,Ananya Chowdhury,achowdhury1120,achowdhury1120@example.edu,MIT,REG20224402,2022,8,Kolkata,9.29,1.5,Computer Vision;AI/ML,"[{""name"": ""Python"", ""rating"": 5}, {""name"": ""NumPy"", ""rating"": 3}, {""name"": ""C++"", ""rating"": 2}, {""name"": ""C"", ""rating"": 2}, {""name"": ""Linux"", ""rating"": 2}]",0.56,0.732,Eligible,R0120
S0121,Ananya Iyer,aiyer1121,aiyer1121@example.edu,PSG College of Technology,REG20223267,2022,1,Kolkata,7.98,1.5,DevOps;Embedded Systems,"[{""name"": ""GraphQL"", ""rating"": 4}, {""name"": ""Docker"", ""rating"": 4}, {""name"": ""PyTorch"", ""rating"": 3}, {""name"": ""Flask"", ""rating"": 2}, {""name"": ""TypeScript"", ""rating"": 5}, {""name"": ""C++"", ""rating"": 5}]",0.767,0.602,Eligible,R0121
S0122,Lakshmi Bose,lbose1122,lbose1122@example.edu,Anna University,REG20228914,2022,3,Hyderabad,5.52,2,Computer Vision;NLP;Embedded Systems,"[{""name"": ""Java"", ""rating"": 3}, {""name"": ""C++"", ""rating"": 4}, {""name"": ""Flask"", ""rating"": 2}, {""name"": ""Pandas"", ""rating"": 5}, {""name"": ""Postgres"", ""rating"": 3}, {""name"": ""Python"", ""rating"": 5}, {""name"": ""MATLAB"", ""rating"": 4}]",0.743,0.296,Not Eligible,R0122
S0123,Kavya Naidu,knaidu1123,knaidu1123@example.edu,MIT,REG20226253,2022,8,Bengaluru,6.52,1,Cybersecurity;UI/UX,"[{""name"": ""HTML"", ""rating"": 5}, {""name"": ""Django"", ""rating"": 5}, {""name"": ""CSS"", ""rating"": 3}, {""name"": ""Pandas"", ""rating"": 2}]",0.75,0.388,Maybe,R0123
S0124,Vivaan Murthy,vmurthy1124,vmurthy1124@example.edu,BITS Pilani,REG20225990,2022,2,Delhi,7.59,3,Cloud,"[{""name"": ""MongoDB"", ""rating"": 5}, {""name"": ""Linux"", ""rating"": 4}, {""name"": ""Java"", ""rating"": 5}, {""name"": ""Django"", ""rating"": 2}, {""name"": ""Docker"", ""rating"": 2}, {""name"": ""Postgres"", ""rating"": 3}]",0.7,0.598,Maybe,R0124
S0125,Ananya Iyer,aiyer1125,aiyer1125@example.edu,Vellore Institute of Technology,REG20232978,2023,4,Mumbai,6.81,3,Data Science;Blockchain,"[{""name"": ""MATLAB"", ""rating"": 2}, {""name"": ""Postgres"", ""rating"": 2}, {""name"": ""C"", ""rating"": 5}, {""name"": ""Redux"", ""rating"": 5}, {""name"": ""Azure"", ""rating"": 3}]",0.68,0.492,Maybe,R0125
S0126,Ananya Dutta,adutta1126,adutta1126@example.edu,IIT Madras,REG20246617,2024,7,Pune,7.08,0,NLP;DevOps;Cloud,"[{""name"": ""Azure"", ""rating"": 4}, {""name"": ""PyTorch"", ""rating"": 4}, {""name"": ""MATLAB"", ""rating"": 3}, {""name"": ""GraphQL"", ""rating"": 3}, {""name"": ""TypeScript"", ""rating"": 3}]",0.68,0.407,Maybe,R0126
S0127,Sneha Iyer,siyer1127,siyer1127@example.edu,SRM Institute of Science and Technology,REG20251869,2025,3,Kolkata,5.26,1,Web Development;UI/UX,"[{""name"": ""SQL"", ""rating"": 2}, {""name"": ""NumPy"", ""rating"": 4}, {""name"": ""Flask"", ""rating"": 3}, {""name"": ""JavaScript"", ""rating"": 2}, {""name"": ""Linux"", ""rating"": 4}]",0.6,0.194,Not Eligible,R0127
S0128,Karthik Dutta,kdutta1128,kdutta1128@example.edu,Amrita Vishwa Vidyapeetham,REG20239955,2023,6,Kolkata,7.78,0.5,Mobile Development,"[{""name"": ""Docker"", ""rating"": 2}, {""name"": ""React"", ""rating"": 5}, {""name"": ""NumPy"", ""rating"": 2}, {""name"": ""C++"", ""rating"": 5}, {""name"": ""REST"", ""rating"": 4}, {""name"": ""Redux"", ""rating"": 4}]",0.733,0.529,Maybe,R0128
S0129,Divya Menon,dmenon1129,dmenon1129@example.edu,PSG College of Technology,REG20244012,2024,4,Delhi,5.31,4,AI/ML;UI/UX,"[{""name"": ""Azure"", ""rating"": 3}, {""name"": ""CSS"", ""rating"": 3}, {""name"": ""AWS"", ""rating"": 4}, {""name"": ""C++"", ""rating"": 4}, {""name"": ""MongoDB"", ""rating"": 4}]",0.72,0.344,Not Eligible,R0129
S0130,Divya Chowdhury,dchowdhury1130,dchowdhury1130@example.edu,SRM Institute of Science and Technology,REG20248975,2024,8,Chennai,6.36,0.5,Blockchain,"[{""name"": ""HTML"", ""rating"": 2}, {""name"": ""C++"", ""rating"": 2}, {""name"": ""C"", ""rating"": 3}, {""name"": ""React"", ""rating"": 3}, {""name"": ""Redux"", ""rating"": 5}, {""name"": ""CSS"", ""rating"": 2}]",0.567,0.311,Not Eligible,R0130
S0131,Aditya Verma,averma1131,averma1131@example.edu,IIT Madras,REG20247357,2024,7,Hyderabad,7.9,2,DevOps;UI/UX;Web Development,"[{""name"": ""Python"", ""rating"": 2}, {""name"": ""AWS"", ""rating"": 2}, {""name"": ""NumPy"", ""rating"": 2}, {""name"": ""C"", ""rating"": 4}, {""name"": ""CSS"", ""rating"": 2}, {""name"": ""GraphQL"", ""rating"": 4}]",0.533,0.565,Maybe,R0131
S0132,Rahul Kumar,rkumar1132,rkumar1132@example.edu,Vellore Institute of Technology,REG20243316,2024,1,Chennai,5.19,2,Mobile Development,"[{""name"": ""SQL"", ""rating"": 4}, {""name"": ""Node.js"", ""rating"": 3}, {""name"": ""TypeScript"", ""rating"": 5}, {""name"": ""GraphQL"", ""rating"": 3}]",0.75,0.255,Not Eligible,R0132
S0133,Meena Patel,mpatel1133,mpatel1133@example.edu,BITS Pilani,REG20255762,2025,2,Kolkata,5.31,0,Cloud,"[{""name"": ""TypeScript"", ""rating"": 3}, {""name"": ""TensorFlow"", ""rating"": 3}, {""name"": ""Kubernetes"", ""rating"": 2}, {""name"": ""Postgres"", ""rating"": 4}, {""name"": ""MongoDB"", ""rating"": 2}]",0.56,0.152,Not Eligible,R0133
S0134,Krishna Sharma,ksharma1134,ksharma1134@example.edu,Anna University,REG20238145,2023,4,Pune,8.86,0,AI/ML;DevOps;Web Development,"[{""name"": ""GraphQL"", ""rating"": 5}, {""name"": ""Kubernetes"", ""rating"": 2}, {""name"": ""Docker"", ""rating"": 3}, {""name"": ""Linux"", ""rating"": 2}, {""name"": ""MongoDB"", ""rating"": 4}, {""name"": ""SQL"", ""rating"": 3}]",0.633,0.63,Eligible,R0134
S0135,Sanjay Verma,sverma1135,sverma1135@example.edu,Vellore Institute of Technology,REG20239210,2023,8,Delhi,5.42,1.5,UI/UX,"[{""name"": ""NumPy"", ""rating"": 3}, {""name"": ""Django"", ""rating"": 3}, {""name"": ""REST"", ""rating"": 5}, {""name"": ""Git"", ""rating"": 3}]",0.7,0.255,Not Eligible,R0135
S0136,Sakshi Bose,sbose1136,sbose1136@example.edu,Amrita Vishwa Vidyapeetham,REG20251653,2025,1,Kolkata,6.49,4,AI/ML;Blockchain,"[{""name"": ""Linux"", ""rating"": 3}, {""name"": ""TypeScript"", ""rating"": 5}, {""name"": ""Flask"", ""rating"": 5}, {""name"": ""TensorFlow"", ""rating"": 4}, {""name"": ""CSS"", ""rating"": 2}, {""name"": ""Git"", ""rating"": 4}]",0.767,0.508,Maybe,R0136
S0137,Sneha Das,sdas1137,sdas1137@example.edu,IIT Madras,REG20233578,2023,3,Pune,7.77,0,Embedded Systems;Data Science;AI/ML,"[{""name"": ""Azure"", ""rating"": 5}, {""name"": ""Git"", ""rating"": 5}, {""name"": ""Postgres"", ""rating"": 5}, {""name"": ""TypeScript"", ""rating"": 3}, {""name"": ""C"", ""rating"": 3}]",0.84,0.529,Maybe,R0137
S0138,Sneha Patel,spatel1138,spatel1138@example.edu,St. Joseph's College,REG20233725,2023,1,Pune,9.24,4,Embedded Systems,"[{""name"": ""PyTorch"", ""rating"": 4}, {""name"": ""TensorFlow"", ""rating"": 2}, {""name"": ""Pandas"", ""rating"": 3}, {""name"": ""Python"", ""rating"": 5}, {""name"": ""TypeScript"", ""rating"": 5}, {""name"": ""Redux"", ""rating"": 5}, {""name"": ""NumPy"", ""rating"": 3}]",0.771,0.867,Eligible,R0138
S0139,Neha Kumar,nkumar1139,nkumar1139@example.edu,PSG College of Technology,REG20229564,2022,4,Mumbai,9.18,2,Blockchain;Data Science;Embedded Systems,"[{""name"": ""PyTorch"", ""rating"": 2}, {""name"": ""C"", ""rating"": 2}, {""name"": ""React"", ""rating"": 2}, {""name"": ""Kubernetes"", ""rating"": 5}, {""name"": ""GraphQL"", ""rating"": 3}]",0.56,0.737,Eligible,R0139
S0140,Lakshmi Murthy,lmurthy1140,lmurthy1140@example.edu,College of Engineering Guindy,REG20241089,2024,4,Kolkata,8.42,0,Mobile Development,"[{""name"": ""HTML"", ""rating"": 3}, {""name"": ""Python"", ""rating"": 4}, {""name"": ""AWS"", ""rating"": 5}, {""name"": ""Pandas"", ""rating"": 4}]",0.8,0.606,Eligible,R0140
S0141,Ananya Murthy,amurthy1141,amurthy1141@example.edu,BITS Pilani,REG20257065,2025,3,Delhi,7.55,1,Blockchain,"[{""name"": ""TensorFlow"", ""rating"": 3}, {""name"": ""MongoDB"", ""rating"": 2}, {""name"": ""Redux"", ""rating"": 3}, {""name"": ""MATLAB"", ""rating"": 5}, {""name"": ""AWS"", ""rating"": 3}, {""name"": ""TypeScript"", ""rating"": 2}]",0.6,0.493,Maybe,R0141
S0142,Lakshmi Khan,lkhan1142,lkhan1142@example.edu,PSG College of Technology,REG20224633,2022,5,Pune,5.37,0,Data Science,"[{""name"": ""AWS"", ""rating"": 2}, {""name"": ""PyTorch"", ""rating"": 3}, {""name"": ""Pandas"", ""rating"": 5}, {""name"": ""HTML"", ""rating"": 5}, {""name"": ""SQL"", ""rating"": 2}, {""name"": ""MATLAB"", ""rating"": 3}, {""name"": ""REST"", ""rating"": 4}]",0.686,0.185,Not Eligible,R0142
S0143,Sakshi Bose,sbose1143,sbose1143@example.edu,College of Engineering Guindy,REG20232124,2023,1,Chennai,7.53,4,Web Development;Blockchain;NLP,"[{""name"": ""MongoDB"", ""rating"": 5}, {""name"": ""Linux"", ""rating"": 5}, {""name"": ""Flask"", ""rating"": 2}, {""name"": ""Django"", ""rating"": 4}, {""name"": ""PyTorch"", ""rating"": 3}, {""name"": ""Node.js"", ""rating"": 5}]",0.8,0.65,Eligible,R0143
S0144,Pooja Verma,pverma1144,pverma1144@example.edu,SRM Institute of Science and Technology,REG20255224,2025,2,Chennai,6.76,0.5,Computer Vision;Cloud,"[{""name"": ""Git"", ""rating"": 2}, {""name"": ""Postgres"", ""rating"": 4}, {""name"": ""Azure"", ""rating"": 3}, {""name"": ""MongoDB"", ""rating"": 4}, {""name"": ""HTML"", ""rating"": 2}]",0.6,0.37,Maybe,R0144
S0145,Meena Das,mdas1145,mdas1145@example.edu,MIT,REG20234271,2023,8,Bengaluru,8.38,1,Data Science;Blockchain;NLP,"[{""name"": ""Django"", ""rating"": 3}, {""name"": ""Node.js"", ""rating"": 2}, {""name"": ""Linux"", ""rating"": 2}, {""name"": ""PyTorch"", ""rating"": 2}, {""name"": ""MongoDB"", ""rating"": 5}]",0.56,0.593,Maybe,R0145
S0146,Meena Kumar,mkumar1146,mkumar1146@example.edu,SRM Institute of Science and Technology,REG20259859,2025,8,Chennai,7.31,2,Cloud;UI/UX,"[{""name"": ""Docker"", ""rating"": 2}, {""name"": ""C"", ""rating"": 2}, {""name"": ""MATLAB"", ""rating"": 3}, {""name"": ""HTML"", ""rating"": 5}, {""name"": ""Postgres"", ""rating"": 2}]",0.56,0.493,Maybe,R0146
S0147,Ananya Singh,asingh1147,asingh1147@example.edu,College of Engineering Guindy,REG20247563,2024,6,Pune,7.07,0,Mobile Development;Cybersecurity;Data Science,"[{""name"": ""Linux"", ""rating"": 3}, {""name"": ""C"", ""rating"": 5}, {""name"": ""TypeScript"", ""rating"": 5}, {""name"": ""Flask"", ""rating"": 3}, {""name"": ""Git"", ""rating"": 3}]",0.76,0.422,Maybe,R0147
S0148,Ravi Murthy,rmurthy1148,rmurthy1148@example.edu,St. Joseph's College,REG20222621,2022,7,Kolkata,5.75,0.5,Embedded Systems,"[{""name"": ""Kubernetes"", ""rating"": 4}, {""name"": ""Linux"", ""rating"": 4}, {""name"": ""Pandas"", ""rating"": 4}, {""name"": ""C"", ""rating"": 4}, {""name"": ""Docker"", ""rating"": 4}, {""name"": ""TypeScript"", ""rating"": 4}]",0.8,0.278,Not Eligible,R0148
S0149,Sakshi Joshi,sjoshi1149,sjoshi1149@example.edu,BITS Pilani,REG20252284,2025,8,Hyderabad,7.82,3,AI/ML;Cloud,"[{""name"": ""REST"", ""rating"": 5}, {""name"": ""React"", ""rating"": 5}, {""name"": ""Pandas"", ""rating"": 2}, {""name"": ""Git"", ""rating"": 2}, {""name"": ""Postgres"", ""rating"": 3}]",0.68,0.624,Eligible,R0149
S0150,Krishna Sharma,ksharma1150,ksharma1150@example.edu,MIT,REG20232311,2023,5,Bengaluru,5.77,0,DevOps,"[{""name"": ""C++"", ""rating"": 2}, {""name"": ""GraphQL"", ""rating"": 2}, {""name"": ""Kubernetes"", ""rating"": 5}, {""name"": ""CSS"", ""rating"": 2}]",0.55,0.21,Not Eligible,R0150
